record_id,record_type,data_origin,seed,area_label,latitude,longitude,food_type,food_family,quantity_kg,urgency,max_distance_km,history_attempts,history_completed,availability_hours
O0001,offer,SYNTHETIC_DEMONSTRATION,42,Approximate Lima/Ate demonstration envelope,-12.065306,-76.953139,oats,grains,14.7,,,1,1,6
O0002,offer,SYNTHETIC_DEMONSTRATION,42,Approximate Lima/Ate demonstration envelope,-12.074378,-76.945224,apples,fruit,62.2,,,2,2,12
O0003,offer,SYNTHETIC_DEMONSTRATION,42,Approximate Lima/Ate demonstration envelope,-12.044644,-76.896198,apples,fruit,5.6,,,14,12,12
O0004,offer,SYNTHETIC_DEMONSTRATION,42,Approximate Lima/Ate demonstration envelope,-12.070671,-76.883637,apples,fruit,37.0,,,21,17,6
O0005,offer,SYNTHETIC_DEMONSTRATION,42,Approximate Lima/Ate demonstration envelope,-12.02915,-76.913683,apples,fruit,81.7,,,6,5,48
O0006,offer,SYNTHETIC_DEMONSTRATION,42,Approximate Lima/Ate demonstration envelope,-12.046878,-76.894501,oats,grains,63.8,,,24,16,24
O0007,offer,SYNTHETIC_DEMONSTRATION,42,Approximate Lima/Ate demonstration envelope,-12.040324,-76.899289,beans,pulses,98.6,,,4,3,12
O0008,offer,SYNTHETIC_DEMONSTRATION,42,Approximate Lima/Ate demonstration envelope,-12.052795,-76.894101,oats,grains,20.5,,,24,19,24
O0009,offer,SYNTHETIC_DEMONSTRATION,42,Approximate Lima/Ate demonstration envelope,-12.023801,-76.909917,beans,pulses,62.9,,,17,16,12
O0010,offer,SYNTHETIC_DEMONSTRATION,42,Approximate Lima/Ate demonstration envelope,-12.057233,-76.880891,beans,pulses,65.8,,,10,9,12
O0011,offer,SYNTHETIC_DEMONSTRATION,42,Approximate Lima/Ate demonstration envelope,-12.030692,-76.896571,sweet_potatoes,tubers,43.1,,,3,2,6
O0012,offer,SYNTHETIC_DEMONSTRATION,42,Approximate Lima/Ate demonstration envelope,-12.036925,-76.946927,beans,pulses,52.4,,,36,36,48
O0013,offer,SYNTHETIC_DEMONSTRATION,42,Approximate Lima/Ate demonstration envelope,-12.065202,-76.917284,lentils,pulses,30.0,,,16,11,48
O0014,offer,SYNTHETIC_DEMONSTRATION,42,Approximate Lima/Ate demonstration envelope,-12.02016,-76.953242,apples,fruit,51.9,,,23,17,6
O0015,offer,SYNTHETIC_DEMONSTRATION,42,Approximate Lima/Ate demonstration envelope,-12.032475,-76.929116,oats,grains,11.0,,,9,7,48
O0016,offer,SYNTHETIC_DEMONSTRATION,42,Approximate Lima/Ate demonstration envelope,-12.021735,-76.891834,bananas,fruit,6.1,,,33,24,6
O0017,offer,SYNTHETIC_DEMONSTRATION,42,Approximate Lima/Ate demonstration envelope,-12.06239,-76.951557,potatoes,tubers,5.3,,,21,14,24
O0018,offer,SYNTHETIC_DEMONSTRATION,42,Approximate Lima/Ate demonstration envelope,-12.027769,-76.939632,lentils,pulses,65.7,,,32,21,12
O0019,offer,SYNTHETIC_DEMONSTRATION,42,Approximate Lima/Ate demonstration envelope,-12.047637,-76.898817,lentils,pulses,55.4,,,23,16,6
O0020,offer,SYNTHETIC_DEMONSTRATION,42,Approximate Lima/Ate demonstration envelope,-12.073288,-76.934147,sweet_potatoes,tubers,98.6,,,31,19,24
O0021,offer,SYNTHETIC_DEMONSTRATION,42,Approximate Lima/Ate demonstration envelope,-12.027319,-76.884509,beans,pulses,13.1,,,3,2,48
O0022,offer,SYNTHETIC_DEMONSTRATION,42,Approximate Lima/Ate demonstration envelope,-12.072454,-76.908921,oats,grains,95.0,,,34,33,12
O0023,offer,SYNTHETIC_DEMONSTRATION,42,Approximate Lima/Ate demonstration envelope,-12.043604,-76.883029,potatoes,tubers,93.2,,,33,33,12
O0024,offer,SYNTHETIC_DEMONSTRATION,42,Approximate Lima/Ate demonstration envelope,-12.041007,-76.927761,potatoes,tubers,54.2,,,25,25,6
O0025,offer,SYNTHETIC_DEMONSTRATION,42,Approximate Lima/Ate demonstration envelope,-12.059715,-76.914994,beans,pulses,26.9,,,14,9,12
O0026,offer,SYNTHETIC_DEMONSTRATION,42,Approximate Lima/Ate demonstration envelope,-12.066263,-76.888039,rice,grains,86.7,,,4,3,6
O0027,offer,SYNTHETIC_DEMONSTRATION,42,Approximate Lima/Ate demonstration envelope,-12.050875,-76.919165,beans,pulses,73.7,,,17,16,48
O0028,offer,SYNTHETIC_DEMONSTRATION,42,Approximate Lima/Ate demonstration envelope,-12.055576,-76.956982,beans,pulses,67.6,,,30,30,24
O0029,offer,SYNTHETIC_DEMONSTRATION,42,Approximate Lima/Ate demonstration envelope,-12.02817,-76.960395,apples,fruit,67.1,,,26,23,6
O0030,offer,SYNTHETIC_DEMONSTRATION,42,Approximate Lima/Ate demonstration envelope,-12.031964,-76.955712,rice,grains,23.2,,,25,20,48
O0031,offer,SYNTHETIC_DEMONSTRATION,42,Approximate Lima/Ate demonstration envelope,-12.063287,-76.943766,lentils,pulses,92.7,,,27,19,48
O0032,offer,SYNTHETIC_DEMONSTRATION,42,Approximate Lima/Ate demonstration envelope,-12.02186,-76.886259,oats,grains,85.6,,,3,2,12
O0033,offer,SYNTHETIC_DEMONSTRATION,42,Approximate Lima/Ate demonstration envelope,-12.067175,-76.930912,apples,fruit,10.6,,,31,26,48
O0034,offer,SYNTHETIC_DEMONSTRATION,42,Approximate Lima/Ate demonstration envelope,-12.024409,-76.898264,rice,grains,32.1,,,24,19,48
O0035,offer,SYNTHETIC_DEMONSTRATION,42,Approximate Lima/Ate demonstration envelope,-12.066938,-76.960029,lentils,pulses,74.9,,,12,10,6
O0036,offer,SYNTHETIC_DEMONSTRATION,42,Approximate Lima/Ate demonstration envelope,-12.044949,-76.922258,sweet_potatoes,tubers,86.0,,,3,2,12
O0037,offer,SYNTHETIC_DEMONSTRATION,42,Approximate Lima/Ate demonstration envelope,-12.028919,-76.959176,rice,grains,11.5,,,32,21,12
O0038,offer,SYNTHETIC_DEMONSTRATION,42,Approximate Lima/Ate demonstration envelope,-12.065227,-76.914466,apples,fruit,63.8,,,7,7,48
O0039,offer,SYNTHETIC_DEMONSTRATION,42,Approximate Lima/Ate demonstration envelope,-12.039816,-76.938294,sweet_potatoes,tubers,30.2,,,16,11,12
O0040,offer,SYNTHETIC_DEMONSTRATION,42,Approximate Lima/Ate demonstration envelope,-12.024259,-76.885463,potatoes,tubers,5.9,,,29,23,6
O0041,offer,SYNTHETIC_DEMONSTRATION,42,Approximate Lima/Ate demonstration envelope,-12.049647,-76.953741,oats,grains,38.2,,,34,24,6
O0042,offer,SYNTHETIC_DEMONSTRATION,42,Approximate Lima/Ate demonstration envelope,-12.070535,-76.894132,beans,pulses,71.8,,,23,18,6
O0043,offer,SYNTHETIC_DEMONSTRATION,42,Approximate Lima/Ate demonstration envelope,-12.064132,-76.889374,potatoes,tubers,75.5,,,6,4,12
O0044,offer,SYNTHETIC_DEMONSTRATION,42,Approximate Lima/Ate demonstration envelope,-12.036943,-76.947694,potatoes,tubers,65.3,,,18,14,24
O0045,offer,SYNTHETIC_DEMONSTRATION,42,Approximate Lima/Ate demonstration envelope,-12.076952,-76.911086,bananas,fruit,83.8,,,16,16,6
O0046,offer,SYNTHETIC_DEMONSTRATION,42,Approximate Lima/Ate demonstration envelope,-12.041773,-76.942734,rice,grains,75.4,,,21,15,48
O0047,offer,SYNTHETIC_DEMONSTRATION,42,Approximate Lima/Ate demonstration envelope,-12.023297,-76.906263,rice,grains,19.2,,,7,5,6
O0048,offer,SYNTHETIC_DEMONSTRATION,42,Approximate Lima/Ate demonstration envelope,-12.071114,-76.954167,sweet_potatoes,tubers,34.3,,,37,31,6
O0049,offer,SYNTHETIC_DEMONSTRATION,42,Approximate Lima/Ate demonstration envelope,-12.065028,-76.956263,sweet_potatoes,tubers,79.1,,,13,13,48
O0050,offer,SYNTHETIC_DEMONSTRATION,42,Approximate Lima/Ate demonstration envelope,-12.07025,-76.89701,lentils,pulses,21.8,,,15,15,48
R0001,request,SYNTHETIC_DEMONSTRATION,42,Approximate Lima/Ate demonstration envelope,-12.069238,-76.886419,rice,grains,79.3,medium,12.6,,,
R0002,request,SYNTHETIC_DEMONSTRATION,42,Approximate Lima/Ate demonstration envelope,-12.063992,-76.898073,beans,pulses,15.3,high,13.3,,,
R0003,request,SYNTHETIC_DEMONSTRATION,42,Approximate Lima/Ate demonstration envelope,-12.068026,-76.886932,beans,pulses,38.2,high,5.7,,,
R0004,request,SYNTHETIC_DEMONSTRATION,42,Approximate Lima/Ate demonstration envelope,-12.056092,-76.941319,beans,pulses,11.6,medium,7.2,,,
R0005,request,SYNTHETIC_DEMONSTRATION,42,Approximate Lima/Ate demonstration envelope,-12.039229,-76.893289,apples,fruit,36.5,high,4.4,,,
R0006,request,SYNTHETIC_DEMONSTRATION,42,Approximate Lima/Ate demonstration envelope,-12.069286,-76.883185,potatoes,tubers,30.2,high,10.2,,,
R0007,request,SYNTHETIC_DEMONSTRATION,42,Approximate Lima/Ate demonstration envelope,-12.036287,-76.938337,sweet_potatoes,tubers,62.6,low,4.4,,,
R0008,request,SYNTHETIC_DEMONSTRATION,42,Approximate Lima/Ate demonstration envelope,-12.064717,-76.904753,beans,pulses,5.2,low,11.2,,,
R0009,request,SYNTHETIC_DEMONSTRATION,42,Approximate Lima/Ate demonstration envelope,-12.058147,-76.959052,beans,pulses,68.1,medium,10.5,,,
R0010,request,SYNTHETIC_DEMONSTRATION,42,Approximate Lima/Ate demonstration envelope,-12.036815,-76.939473,oats,grains,34.4,medium,6.9,,,
R0011,request,SYNTHETIC_DEMONSTRATION,42,Approximate Lima/Ate demonstration envelope,-12.046735,-76.948694,potatoes,tubers,68.2,medium,11.1,,,
R0012,request,SYNTHETIC_DEMONSTRATION,42,Approximate Lima/Ate demonstration envelope,-12.043069,-76.939419,lentils,pulses,57.1,high,6.6,,,
R0013,request,SYNTHETIC_DEMONSTRATION,42,Approximate Lima/Ate demonstration envelope,-12.054207,-76.915701,beans,pulses,67.2,medium,8.3,,,
R0014,request,SYNTHETIC_DEMONSTRATION,42,Approximate Lima/Ate demonstration envelope,-12.04933,-76.897532,beans,pulses,96.2,low,5.0,,,
R0015,request,SYNTHETIC_DEMONSTRATION,42,Approximate Lima/Ate demonstration envelope,-12.062973,-76.908572,oats,grains,63.8,high,12.8,,,
R0016,request,SYNTHETIC_DEMONSTRATION,42,Approximate Lima/Ate demonstration envelope,-12.039632,-76.945906,beans,pulses,23.9,high,3.6,,,
R0017,request,SYNTHETIC_DEMONSTRATION,42,Approximate Lima/Ate demonstration envelope,-12.043324,-76.899678,bananas,fruit,48.3,low,9.9,,,
R0018,request,SYNTHETIC_DEMONSTRATION,42,Approximate Lima/Ate demonstration envelope,-12.050337,-76.944261,apples,fruit,67.3,high,13.7,,,
R0019,request,SYNTHETIC_DEMONSTRATION,42,Approximate Lima/Ate demonstration envelope,-12.033295,-76.946399,oats,grains,81.4,low,9.2,,,
R0020,request,SYNTHETIC_DEMONSTRATION,42,Approximate Lima/Ate demonstration envelope,-12.046556,-76.887015,rice,grains,16.5,high,12.6,,,
R0021,request,SYNTHETIC_DEMONSTRATION,42,Approximate Lima/Ate demonstration envelope,-12.022998,-76.889229,sweet_potatoes,tubers,63.2,low,13.7,,,
R0022,request,SYNTHETIC_DEMONSTRATION,42,Approximate Lima/Ate demonstration envelope,-12.030166,-76.918431,apples,fruit,90.2,low,13.3,,,
R0023,request,SYNTHETIC_DEMONSTRATION,42,Approximate Lima/Ate demonstration envelope,-12.064449,-76.943985,bananas,fruit,65.6,low,8.8,,,
R0024,request,SYNTHETIC_DEMONSTRATION,42,Approximate Lima/Ate demonstration envelope,-12.063524,-76.958414,beans,pulses,32.1,medium,7.0,,,
R0025,request,SYNTHETIC_DEMONSTRATION,42,Approximate Lima/Ate demonstration envelope,-12.071698,-76.945343,oats,grains,70.9,low,5.6,,,
R0026,request,SYNTHETIC_DEMONSTRATION,42,Approximate Lima/Ate demonstration envelope,-12.055544,-76.918878,apples,fruit,44.5,high,13.0,,,
R0027,request,SYNTHETIC_DEMONSTRATION,42,Approximate Lima/Ate demonstration envelope,-12.02571,-76.915353,apples,fruit,71.1,low,7.6,,,
R0028,request,SYNTHETIC_DEMONSTRATION,42,Approximate Lima/Ate demonstration envelope,-12.023436,-76.939618,rice,grains,42.0,medium,9.5,,,
R0029,request,SYNTHETIC_DEMONSTRATION,42,Approximate Lima/Ate demonstration envelope,-12.050706,-76.9418,beans,pulses,51.1,medium,7.0,,,
R0030,request,SYNTHETIC_DEMONSTRATION,42,Approximate Lima/Ate demonstration envelope,-12.036549,-76.893557,apples,fruit,92.4,low,9.4,,,
R0031,request,SYNTHETIC_DEMONSTRATION,42,Approximate Lima/Ate demonstration envelope,-12.044486,-76.908645,apples,fruit,13.0,medium,4.6,,,
R0032,request,SYNTHETIC_DEMONSTRATION,42,Approximate Lima/Ate demonstration envelope,-12.069096,-76.942887,bananas,fruit,36.1,medium,6.9,,,
R0033,request,SYNTHETIC_DEMONSTRATION,42,Approximate Lima/Ate demonstration envelope,-12.063305,-76.884148,apples,fruit,45.0,high,8.6,,,
R0034,request,SYNTHETIC_DEMONSTRATION,42,Approximate Lima/Ate demonstration envelope,-12.020006,-76.935253,rice,grains,66.8,low,3.5,,,
R0035,request,SYNTHETIC_DEMONSTRATION,42,Approximate Lima/Ate demonstration envelope,-12.023023,-76.948054,rice,grains,6.9,high,5.9,,,
R0036,request,SYNTHETIC_DEMONSTRATION,42,Approximate Lima/Ate demonstration envelope,-12.039832,-76.917063,bananas,fruit,25.7,low,6.1,,,
R0037,request,SYNTHETIC_DEMONSTRATION,42,Approximate Lima/Ate demonstration envelope,-12.069933,-76.913384,sweet_potatoes,tubers,76.1,high,12.3,,,
R0038,request,SYNTHETIC_DEMONSTRATION,42,Approximate Lima/Ate demonstration envelope,-12.022117,-76.955812,lentils,pulses,7.4,medium,9.9,,,
R0039,request,SYNTHETIC_DEMONSTRATION,42,Approximate Lima/Ate demonstration envelope,-12.056201,-76.904224,apples,fruit,12.2,low,13.0,,,
R0040,request,SYNTHETIC_DEMONSTRATION,42,Approximate Lima/Ate demonstration envelope,-12.073886,-76.899339,beans,pulses,85.8,low,12.7,,,
R0041,request,SYNTHETIC_DEMONSTRATION,42,Approximate Lima/Ate demonstration envelope,-12.059168,-76.928588,rice,grains,40.2,low,10.8,,,
R0042,request,SYNTHETIC_DEMONSTRATION,42,Approximate Lima/Ate demonstration envelope,-12.029025,-76.895102,rice,grains,15.0,medium,10.6,,,
R0043,request,SYNTHETIC_DEMONSTRATION,42,Approximate Lima/Ate demonstration envelope,-12.037561,-76.927984,bananas,fruit,74.7,low,6.2,,,
R0044,request,SYNTHETIC_DEMONSTRATION,42,Approximate Lima/Ate demonstration envelope,-12.052108,-76.894813,bananas,fruit,61.3,medium,13.2,,,
R0045,request,SYNTHETIC_DEMONSTRATION,42,Approximate Lima/Ate demonstration envelope,-12.063264,-76.926682,oats,grains,76.3,low,10.3,,,
R0046,request,SYNTHETIC_DEMONSTRATION,42,Approximate Lima/Ate demonstration envelope,-12.059816,-76.922984,apples,fruit,35.9,medium,5.5,,,
R0047,request,SYNTHETIC_DEMONSTRATION,42,Approximate Lima/Ate demonstration envelope,-12.05958,-76.890173,potatoes,tubers,71.6,medium,9.7,,,
R0048,request,SYNTHETIC_DEMONSTRATION,42,Approximate Lima/Ate demonstration envelope,-12.074863,-76.903794,beans,pulses,51.4,high,11.3,,,
R0049,request,SYNTHETIC_DEMONSTRATION,42,Approximate Lima/Ate demonstration envelope,-12.05311,-76.963534,bananas,fruit,33.0,medium,11.3,,,
R0050,request,SYNTHETIC_DEMONSTRATION,42,Approximate Lima/Ate demonstration envelope,-12.040162,-76.933633,potatoes,tubers,57.6,medium,8.1,,,
